id,name_zh,name_en,source_page,original_image_url,author,license,license_url,public_domain,commercial_use_allowed,attribution_required,modified,local_main_path,local_thumb_path,download_date,notes
P001,孔子,Confucius,https://commons.wikimedia.org/wiki/File:%E8%87%B3%E8%81%96%E5%85%88%E8%B3%A2%E5%8D%8A%E8%BA%AB%E5%83%8F_%E5%86%8A-001-%E5%AD%94%E5%AD%90.jpg,https://upload.wikimedia.org/wikipedia/commons/d/dc/%E8%87%B3%E8%81%96%E5%85%88%E8%B3%A2%E5%8D%8A%E8%BA%AB%E5%83%8F_%E5%86%8A-001-%E5%AD%94%E5%AD%90.jpg?utm_source=commons.wikimedia.org&utm_campaign=imageinfo&utm_content=original,AnonymousUnknown author,Public Domain,,true,true,false,true,./portraits/P001/main.webp,./portraits/P001/thumb.webp,2026-09-07,"Identity verified through exact zhwiki page and Wikidata Q4604 P18; source 3190x4485; crop=(154, 486, 1450, 2105); face_detected=False; main=96488 bytes; thumb=5664 bytes; deterministic crop/resize/WebP/contrast +2%. Review note: National Palace Museum traditional half portrait; public-domain historical artwork. Manual crop removes the marginal title and focuses on the sitter."
P002,老子,Laozi,https://commons.wikimedia.org/wiki/File:%E6%AD%B7%E4%BB%A3%E8%81%96%E8%B3%A2%E5%8D%8A%E8%BA%AB%E5%83%8F_%E5%86%8A_%E8%80%81%E5%AD%90_(Laozi).png,https://upload.wikimedia.org/wikipedia/commons/0/06/%E6%AD%B7%E4%BB%A3%E8%81%96%E8%B3%A2%E5%8D%8A%E8%BA%AB%E5%83%8F_%E5%86%8A_%E8%80%81%E5%AD%90_%28Laozi%29.png?utm_source=commons.wikimedia.org&utm_campaign=imageinfo&utm_content=original,歷代聖賢半身像 冊 老子. 故宮典藏資料檢索. National Palace Museum.,CC BY 4.0,https://creativecommons.org/licenses/by/4.0,false,true,true,true,./portraits/P002/main.webp,./portraits/P002/thumb.webp,2026-09-07,"Identity verified through exact zhwiki page and Wikidata Q9333 P18; source 1750x2000; crop=(105, 400, 1306, 1900); face_detected=True; main=37760 bytes; thumb=3502 bytes; deterministic crop/resize/WebP/contrast +2%. Review note: National Palace Museum album-leaf portrait under CC BY 4.0. Manual crop removes marginal text and focuses on the sitter."
P003,孙子,Sun Tzu,"https://commons.wikimedia.org/wiki/File:Sunzi,_Author_of_Art_of_War_(9873714545).jpg",https://upload.wikimedia.org/wikipedia/commons/f/f8/Sunzi%2C_Author_of_Art_of_War_%289873714545%29.jpg?utm_source=commons.wikimedia.org&utm_campaign=imageinfo&utm_content=original,"Gary Todd from Xinzheng, China",CC0,http://creativecommons.org/publicdomain/zero/1.0/deed.en,true,true,false,true,./portraits/P003/main.webp,./portraits/P003/thumb.webp,2026-09-07,"Identity verified through exact zhwiki page and Wikidata Q1207639 P18; source 3888x2592; crop=(465, 0, 1489, 1280); face_detected=True; main=63786 bytes; thumb=15000 bytes; deterministic crop/resize/WebP/contrast +2%. Review note: CC0 photograph of the traditional Sun Tzu statue; identity reviewed against Commons description."
P004,管仲,Guan Zhong,https://commons.wikimedia.org/wiki/File:Guan_Zhong.png,https://upload.wikimedia.org/wikipedia/commons/7/72/Guan_Zhong.png?utm_source=commons.wikimedia.org&utm_campaign=imageinfo&utm_content=original,Unknown authorUnknown author,Public Domain,,true,true,false,true,./portraits/P004/main.webp,./portraits/P004/thumb.webp,2026-09-07,"Identity verified through exact zhwiki page and Wikidata Q457972 P18; source 476x680; crop=(0, 85, 476, 680); face_detected=True; main=34874 bytes; thumb=8742 bytes; deterministic crop/resize/WebP/contrast +2%. Review note: Public-domain Qing dynasty portrait from Lidai Mingchen Xiang Jie."
P005,商鞅,Shang Yang,https://commons.wikimedia.org/wiki/File:Statue_of_Shang_Yang.jpg,https://upload.wikimedia.org/wikipedia/commons/2/28/Statue_of_Shang_Yang.jpg?utm_source=commons.wikimedia.org&utm_campaign=imageinfo&utm_content=original,Taken by Fanghong,CC BY 2.5,https://creativecommons.org/licenses/by/2.5,false,true,true,true,./portraits/P005/main.webp,./portraits/P005/thumb.webp,2026-09-07,"Identity verified through exact zhwiki page and Wikidata Q351345 P18; source 1520x2260; crop=(353, 359, 1167, 1381); face_detected=True; main=129126 bytes; thumb=18362 bytes; deterministic crop/resize/WebP/contrast +2%. Review note: Manual 4:5 upper-statue crop removes the pedestal inscription."
P006,孟子,Mencius,https://commons.wikimedia.org/wiki/File:Half_Portraits_of_the_Great_Sage_and_Virtuous_Men_of_Old_-_Meng_Ke_(%E5%AD%9F%E8%BB%BB).jpg,https://upload.wikimedia.org/wikipedia/commons/7/7d/Half_Portraits_of_the_Great_Sage_and_Virtuous_Men_of_Old_-_Meng_Ke_%28%E5%AD%9F%E8%BB%BB%29.jpg?utm_source=commons.wikimedia.org&utm_campaign=imageinfo&utm_content=original,anonymous,Public Domain,,true,true,false,true,./portraits/P006/main.webp,./portraits/P006/thumb.webp,2026-09-07,"Identity verified through exact zhwiki page and Wikidata Q188903 P18; source 1178x1595; crop=(0, 123, 1178, 1595); face_detected=True; main=58744 bytes; thumb=5280 bytes; deterministic crop/resize/WebP/contrast +2%. Review note: Wikidata P18 candidate reviewed against contact sheet."
P007,庄子,Zhuang Zhou,https://commons.wikimedia.org/wiki/File:Zhuangzi.png,https://upload.wikimedia.org/wikipedia/commons/e/e5/Zhuangzi.png?utm_source=commons.wikimedia.org&utm_campaign=imageinfo&utm_content=original,Unknown authorUnknown author,Public Domain,,true,true,false,true,./portraits/P007/main.webp,./portraits/P007/thumb.webp,2026-09-07,"Identity verified through exact zhwiki page and Wikidata Q47739 P18; source 1339x1799; crop=(0, 22, 1339, 1696); face_detected=False; main=100512 bytes; thumb=5464 bytes; deterministic crop/resize/WebP/contrast +2%. Review note: Wikidata P18 candidate reviewed against contact sheet."
P008,屈原,Qu Yuan,https://commons.wikimedia.org/wiki/File:Qu_Yuan_Chen_Hongshou_2.jpg,https://upload.wikimedia.org/wikipedia/commons/c/c6/Qu_Yuan_Chen_Hongshou_2.jpg?utm_source=commons.wikimedia.org&utm_campaign=imageinfo&utm_content=original,Chen Hongshou,Public Domain,,true,true,false,true,./portraits/P008/main.webp,./portraits/P008/thumb.webp,2026-09-07,"Identity verified through exact zhwiki page and Wikidata Q313330 P18; source 758x751; crop=(129, 0, 730, 751); face_detected=True; main=84112 bytes; thumb=13614 bytes; deterministic crop/resize/WebP/contrast +2%. Review note: Wikidata P18 candidate reviewed against contact sheet."
P009,秦始皇,Qin Shi Huang,https://commons.wikimedia.org/wiki/File:Qinshihuang.jpg,https://upload.wikimedia.org/wikipedia/commons/2/27/Qinshihuang.jpg?utm_source=commons.wikimedia.org&utm_campaign=imageinfo&utm_content=original,Unknown artistUnknown artist,Public Domain,,true,true,false,true,./portraits/P009/main.webp,./portraits/P009/thumb.webp,2026-09-07,"Identity verified through exact zhwiki page and Wikidata Q7192 P18; source 1480x2220; crop=(0, 67, 1480, 1917); face_detected=False; main=58034 bytes; thumb=10086 bytes; deterministic crop/resize/WebP/contrast +2%. Review note: Higher-resolution public-domain traditional portrait of Qin Shi Huang."
P010,汉武帝,Emperor Wu of Han,https://commons.wikimedia.org/wiki/File:%E6%BC%A2%E6%AD%A6%E5%B8%9D.jpg,https://upload.wikimedia.org/wikipedia/commons/e/e9/%E6%BC%A2%E6%AD%A6%E5%B8%9D.jpg?utm_source=commons.wikimedia.org&utm_campaign=imageinfo&utm_content=original,Unknown authorUnknown author,Public Domain,,true,true,false,true,./portraits/P010/main.webp,./portraits/P010/thumb.webp,2026-09-07,"Identity verified through exact zhwiki page and Wikidata Q7225 P18; source 450x613; crop=(0, 51, 450, 613); face_detected=True; main=45554 bytes; thumb=10582 bytes; deterministic crop/resize/WebP/contrast +2%. Review note: Wikidata P18 candidate reviewed against contact sheet."
P011,司马迁,Sima Qian,https://commons.wikimedia.org/wiki/File:Si_maqian.jpg,https://upload.wikimedia.org/wikipedia/commons/a/ab/Si_maqian.jpg?utm_source=commons.wikimedia.org&utm_campaign=imageinfo&utm_content=original,scan from 《社会历史博物馆》 ISBN 7-5347-1397-8,Public Domain,,true,true,false,true,./portraits/P011/main.webp,./portraits/P011/thumb.webp,2026-09-07,"Identity verified through exact zhwiki page and Wikidata Q9372 P18; source 364x372; crop=(37, 0, 335, 372); face_detected=True; main=60106 bytes; thumb=14184 bytes; deterministic crop/resize/WebP/contrast +2%. Review note: Wikidata P18 candidate reviewed against contact sheet."
P012,刘邦,Emperor Gaozu of Han,https://commons.wikimedia.org/wiki/File:Liu-bang.jpg,https://upload.wikimedia.org/wikipedia/commons/d/d5/Liu-bang.jpg?utm_source=commons.wikimedia.org&utm_campaign=imageinfo&utm_content=original,Unknown authorUnknown author,Public Domain,,true,true,false,true,./portraits/P012/main.webp,./portraits/P012/thumb.webp,2026-09-07,"Identity verified through exact zhwiki page and Wikidata Q7210 P18; source 560x641; crop=(47, 0, 560, 641); face_detected=True; main=42838 bytes; thumb=9054 bytes; deterministic crop/resize/WebP/contrast +2%. Review note: Wikidata P18 candidate reviewed against contact sheet."
P013,韩信,Han Xin,https://commons.wikimedia.org/wiki/File:H%C3%A1n_X%C3%ACn.jpg,https://upload.wikimedia.org/wikipedia/commons/5/56/H%C3%A1n_X%C3%ACn.jpg?utm_source=commons.wikimedia.org&utm_campaign=imageinfo&utm_content=original,,Public Domain,,true,true,false,true,./portraits/P013/main.webp,./portraits/P013/thumb.webp,2026-09-07,"Identity verified through exact zhwiki page and Wikidata Q574498 P18; source 500x705; crop=(0, 70, 360, 522); face_detected=True; main=63730 bytes; thumb=15398 bytes; deterministic crop/resize/WebP/contrast +2%. Review note: Manual 4:5 crop removes marginal calligraphy and retains the depicted figure."
P014,张良,Zhang Liang,https://commons.wikimedia.org/wiki/File:Zhang_Liang.jpg,https://upload.wikimedia.org/wikipedia/commons/0/0f/Zhang_Liang.jpg?utm_source=commons.wikimedia.org&utm_campaign=imageinfo&utm_content=original,,Public Domain,,true,true,false,true,./portraits/P014/main.webp,./portraits/P014/thumb.webp,2026-09-07,"Identity verified through exact zhwiki page and Wikidata Q701326 P18; source 1236x1365; crop=(72, 0, 1164, 1365); face_detected=False; main=58832 bytes; thumb=10650 bytes; deterministic crop/resize/WebP/contrast +2%. Review note: Wikidata P18 candidate reviewed against contact sheet."
P015,萧何,Xiao He,https://commons.wikimedia.org/wiki/File:%E6%B1%89%E7%9B%B8%E5%9B%BD%E9%85%82%E4%BE%AF%E8%90%A7%E4%BD%95.jpg,https://upload.wikimedia.org/wikipedia/commons/4/48/%E6%B1%89%E7%9B%B8%E5%9B%BD%E9%85%82%E4%BE%AF%E8%90%A7%E4%BD%95.jpg?utm_source=commons.wikimedia.org&utm_campaign=imageinfo&utm_content=original,Unknown authorUnknown author,Public Domain,,true,true,false,true,./portraits/P015/main.webp,./portraits/P015/thumb.webp,2026-09-07,"Identity verified through exact zhwiki page and Wikidata Q1368034 P18; source 282x380; crop=(0, 5, 282, 357); face_detected=False; main=34876 bytes; thumb=7906 bytes; deterministic crop/resize/WebP/contrast +2%. Review note: Wikidata P18 candidate reviewed against contact sheet."
P016,曹操,Cao Cao,https://commons.wikimedia.org/wiki/File:Cao_Cao_scth.jpg,https://upload.wikimedia.org/wikipedia/commons/5/57/Cao_Cao_scth.jpg?utm_source=commons.wikimedia.org&utm_campaign=imageinfo&utm_content=original,Wang Qi,Public Domain,,true,true,false,true,./portraits/P016/main.webp,./portraits/P016/thumb.webp,2026-09-07,"Identity verified through exact zhwiki page and Wikidata Q204077 P18; source 478x730; crop=(0, 113, 478, 711); face_detected=True; main=37742 bytes; thumb=9556 bytes; deterministic crop/resize/WebP/contrast +2%. Review note: Wikidata P18 candidate reviewed against contact sheet."
P017,刘备,Liu Bei,https://commons.wikimedia.org/wiki/File:Liu_Bei_Tang.jpg,https://upload.wikimedia.org/wikipedia/commons/3/34/Liu_Bei_Tang.jpg?utm_source=commons.wikimedia.org&utm_campaign=imageinfo&utm_content=original,Yan Liben (閻立本),Public Domain,,true,true,false,true,./portraits/P017/main.webp,./portraits/P017/thumb.webp,2026-09-07,"Identity verified through exact zhwiki page and Wikidata Q245315 P18; source 872x1258; crop=(0, 168, 872, 1258); face_detected=True; main=124056 bytes; thumb=14556 bytes; deterministic crop/resize/WebP/contrast +2%. Review note: Wikidata P18 candidate reviewed against contact sheet."
P018,诸葛亮,Zhuge Liang,https://commons.wikimedia.org/wiki/File:%E8%9C%80%E6%B1%89%E4%B8%9E%E7%9B%B8%E5%BF%A0%E6%AD%A6%E4%BE%AF%E8%AF%B8%E8%91%9B%E4%BA%AE.jpg,https://upload.wikimedia.org/wikipedia/commons/d/da/%E8%9C%80%E6%B1%89%E4%B8%9E%E7%9B%B8%E5%BF%A0%E6%AD%A6%E4%BE%AF%E8%AF%B8%E8%91%9B%E4%BA%AE.jpg?utm_source=commons.wikimedia.org&utm_campaign=imageinfo&utm_content=original,Unknown authorUnknown author,Public Domain,,true,true,false,true,./portraits/P018/main.webp,./portraits/P018/thumb.webp,2026-09-07,"Identity verified through exact zhwiki page and Wikidata Q198211 P18; source 640x866; crop=(0, 66, 640, 866); face_detected=True; main=44230 bytes; thumb=5406 bytes; deterministic crop/resize/WebP/contrast +2%. Review note: Wikidata P18 candidate reviewed against contact sheet."
P019,司马懿,Sima Yi,https://commons.wikimedia.org/wiki/File:%E9%AD%8F%C2%B7%E5%A4%AA%E5%82%85_%E5%8F%B8%E9%A6%AC%E6%87%BF.jpg,https://upload.wikimedia.org/wikipedia/commons/8/80/%E9%AD%8F%C2%B7%E5%A4%AA%E5%82%85_%E5%8F%B8%E9%A6%AC%E6%87%BF.jpg?utm_source=commons.wikimedia.org&utm_campaign=imageinfo&utm_content=original,Ming Zhu Tianran,Public Domain,,true,true,false,true,./portraits/P019/main.webp,./portraits/P019/thumb.webp,2026-09-07,"Identity verified through exact zhwiki page and Wikidata Q353698 P18; source 988x1229; crop=(5, 0, 988, 1229); face_detected=True; main=57768 bytes; thumb=15012 bytes; deterministic crop/resize/WebP/contrast +2%. Review note: Wikidata P18 candidate reviewed against contact sheet."
P020,周瑜,Zhou Yu,https://commons.wikimedia.org/wiki/File:ZhouYu.jpg,https://upload.wikimedia.org/wikipedia/commons/f/f1/ZhouYu.jpg?utm_source=commons.wikimedia.org&utm_campaign=imageinfo&utm_content=original,Unknown authorUnknown author,Public Domain,,true,true,false,true,./portraits/P020/main.webp,./portraits/P020/thumb.webp,2026-09-07,"Identity verified through exact zhwiki page and Wikidata Q198048 P18; source 362x675; crop=(0, 40, 362, 492); face_detected=False; main=79368 bytes; thumb=14066 bytes; deterministic crop/resize/WebP/contrast +2%. Review note: Wikidata P18 candidate reviewed against contact sheet."
P021,陶渊明,Tao Yuanming,https://commons.wikimedia.org/wiki/File:Taoqian1.jpg,https://upload.wikimedia.org/wikipedia/commons/f/fd/Taoqian1.jpg?utm_source=commons.wikimedia.org&utm_campaign=imageinfo&utm_content=original,Chen Hongshou (1599-1652),Public Domain,,true,true,false,true,./portraits/P021/main.webp,./portraits/P021/thumb.webp,2026-09-07,"Identity verified through exact zhwiki page and Wikidata Q314210 P18; source 274x350; crop=(0, 1, 274, 343); face_detected=False; main=52944 bytes; thumb=11758 bytes; deterministic crop/resize/WebP/contrast +2%. Review note: Wikidata P18 candidate reviewed against contact sheet."
P022,王羲之,Wang Xizhi,https://commons.wikimedia.org/wiki/File:Portraits_of_Famous_Men_-_Wang_Xizhi_(cropped).jpg,https://upload.wikimedia.org/wikipedia/commons/d/d0/Portraits_of_Famous_Men_-_Wang_Xizhi_%28cropped%29.jpg?utm_source=commons.wikimedia.org&utm_campaign=imageinfo&utm_content=original,Unknown Chinese artist,Public Domain,,true,true,false,true,./portraits/P022/main.webp,./portraits/P022/thumb.webp,2026-09-07,"Identity verified through exact zhwiki page and Wikidata Q378564 P18; source 2591x3234; crop=(2, 0, 1919, 2396); face_detected=False; main=85068 bytes; thumb=6554 bytes; deterministic crop/resize/WebP/contrast +2%. Review note: Wikidata P18 candidate reviewed against contact sheet."
P023,李世民,Emperor Taizong of Tang,https://commons.wikimedia.org/wiki/File:TangTaizong.jpg,https://upload.wikimedia.org/wikipedia/commons/b/b6/TangTaizong.jpg?utm_source=commons.wikimedia.org&utm_campaign=imageinfo&utm_content=original,Unknown artistUnknown artist,Public Domain,,true,true,false,true,./portraits/P023/main.webp,./portraits/P023/thumb.webp,2026-09-07,"Identity verified through exact zhwiki page and Wikidata Q9701 P18; source 9717x20133; crop=(384, 318, 1665, 1917); face_detected=True; main=100770 bytes; thumb=10796 bytes; deterministic crop/resize/WebP/contrast +2%. Review note: Manual upper-body crop prevents a false face detection from removing the emperor's head."
P024,武则天,Wu Zetian,https://commons.wikimedia.org/wiki/File:%E5%94%90%E5%90%8E%E8%A1%8C%E5%BE%9E%E5%9C%96_(%E5%B1%80%E9%83%A8)_-_%E6%AD%A6%E5%89%87%E5%A4%A9.png,https://upload.wikimedia.org/wikipedia/commons/2/25/%E5%94%90%E5%90%8E%E8%A1%8C%E5%BE%9E%E5%9C%96_%28%E5%B1%80%E9%83%A8%29_-_%E6%AD%A6%E5%89%87%E5%A4%A9.png?utm_source=commons.wikimedia.org&utm_campaign=imageinfo&utm_content=original,Likely to be Zhang Xuan (张萱),Public Domain,,true,true,false,true,./portraits/P024/main.webp,./portraits/P024/thumb.webp,2026-09-07,"Identity verified through exact zhwiki page and Wikidata Q9738 P18; source 1080x1912; crop=(162, 96, 922, 1046); face_detected=True; main=152958 bytes; thumb=19740 bytes; deterministic crop/resize/WebP/contrast +2%. Review note: Manual upper-body crop retains the complete head and upper body."
P025,李白,Li Bai,https://commons.wikimedia.org/wiki/File:%E6%9D%8E%E7%99%BD.png,https://upload.wikimedia.org/wikipedia/commons/a/a6/%E6%9D%8E%E7%99%BD.png?utm_source=commons.wikimedia.org&utm_campaign=imageinfo&utm_content=original,Unknown authorUnknown author,Public Domain,,true,true,false,true,./portraits/P025/main.webp,./portraits/P025/thumb.webp,2026-09-07,"Identity verified through exact zhwiki page and Wikidata Q7071 P18; source 519x742; crop=(0, 17, 519, 666); face_detected=False; main=46122 bytes; thumb=9274 bytes; deterministic crop/resize/WebP/contrast +2%. Review note: Wikidata P18 candidate reviewed against contact sheet."
P026,杜甫,Du Fu,https://commons.wikimedia.org/wiki/File:Dufu.jpg,https://upload.wikimedia.org/wikipedia/commons/8/84/Dufu.jpg?utm_source=commons.wikimedia.org&utm_campaign=imageinfo&utm_content=original,Unknown authorUnknown author,Public Domain,,true,true,false,true,./portraits/P026/main.webp,./portraits/P026/thumb.webp,2026-09-07,"Identity verified through exact zhwiki page and Wikidata Q33772 P18; source 1480x2048; crop=(0, 198, 1480, 2048); face_detected=True; main=60012 bytes; thumb=8014 bytes; deterministic crop/resize/WebP/contrast +2%. Review note: Wikidata P18 candidate reviewed against contact sheet."
P027,王维,Wang Wei,https://commons.wikimedia.org/wiki/File:Wang_Wei.jpg,https://upload.wikimedia.org/wikipedia/commons/d/db/Wang_Wei.jpg?utm_source=commons.wikimedia.org&utm_campaign=imageinfo&utm_content=original,,Public Domain,,true,true,false,true,./portraits/P027/main.webp,./portraits/P027/thumb.webp,2026-09-07,"Identity verified through exact zhwiki page and Wikidata Q313605 P18; source 1071x1310; crop=(12, 0, 1060, 1310); face_detected=False; main=63858 bytes; thumb=12620 bytes; deterministic crop/resize/WebP/contrast +2%. Review note: Wikidata P18 candidate reviewed against contact sheet."
P028,韩愈,Han Yu,https://commons.wikimedia.org/wiki/File:Han_Yu.jpg,https://upload.wikimedia.org/wikipedia/commons/6/60/Han_Yu.jpg?utm_source=commons.wikimedia.org&utm_campaign=imageinfo&utm_content=original,"This image was carried on the book which is called ""Wan hsiao tang-Chu chuang -Hua chuan（晩笑堂竹荘畫傳） "" which was published in 1921（民国十年）.",Public Domain,,true,true,false,true,./portraits/P028/main.webp,./portraits/P028/thumb.webp,2026-09-07,"Identity verified through exact zhwiki page and Wikidata Q318998 P18; source 771x1545; crop=(0, 145, 771, 1109); face_detected=True; main=65490 bytes; thumb=13742 bytes; deterministic crop/resize/WebP/contrast +2%. Review note: Wikidata P18 candidate reviewed against contact sheet."
P029,白居易,Bai Juyi,https://commons.wikimedia.org/wiki/File:%E5%94%90%E5%90%8D%E8%87%A3%E5%83%8F-21-%E7%99%BD%E6%A8%82%E5%A4%A9.jpg,https://upload.wikimedia.org/wikipedia/commons/e/e2/%E5%94%90%E5%90%8D%E8%87%A3%E5%83%8F-21-%E7%99%BD%E6%A8%82%E5%A4%A9.jpg?utm_source=commons.wikimedia.org&utm_campaign=imageinfo&utm_content=original,Unknown authorUnknown author,Public Domain,,true,true,false,true,./portraits/P029/main.webp,./portraits/P029/thumb.webp,2026-09-07,"Identity verified through exact zhwiki page and Wikidata Q313324 P18; source 1293x1822; crop=(0, 37, 1293, 1653); face_detected=False; main=29976 bytes; thumb=4626 bytes; deterministic crop/resize/WebP/contrast +2%. Review note: Wikidata P18 candidate reviewed against contact sheet."
P030,范仲淹,Fan Zhongyan,https://commons.wikimedia.org/wiki/File:Fan_Zhongyan.jpg,https://upload.wikimedia.org/wikipedia/commons/0/0f/Fan_Zhongyan.jpg?utm_source=commons.wikimedia.org&utm_campaign=imageinfo&utm_content=original,Suzhou Government,Public Domain,,true,true,false,true,./portraits/P030/main.webp,./portraits/P030/thumb.webp,2026-09-07,"Identity verified through exact zhwiki page and Wikidata Q381822 P18; source 400x506; crop=(0, 1, 400, 501); face_detected=False; main=75478 bytes; thumb=15428 bytes; deterministic crop/resize/WebP/contrast +2%. Review note: Wikidata P18 candidate reviewed against contact sheet."
P031,王安石,Wang Anshi,https://commons.wikimedia.org/wiki/File:%E6%AD%B7%E4%BB%A3%E8%81%96%E8%B3%A2%E5%90%8D%E4%BA%BA%E5%83%8F-29-%E5%AE%8B%E4%B8%9E%E7%9B%B8%E7%8E%8B%E8%8D%86%E5%85%AC%E5%AE%89%E7%9F%B3.jpg,https://upload.wikimedia.org/wikipedia/commons/c/c8/%E6%AD%B7%E4%BB%A3%E8%81%96%E8%B3%A2%E5%90%8D%E4%BA%BA%E5%83%8F-29-%E5%AE%8B%E4%B8%9E%E7%9B%B8%E7%8E%8B%E8%8D%86%E5%85%AC%E5%AE%89%E7%9F%B3.jpg?utm_source=commons.wikimedia.org&utm_campaign=imageinfo&utm_content=original,Unknown authorUnknown author,Public Domain,,true,true,false,true,./portraits/P031/main.webp,./portraits/P031/thumb.webp,2026-09-07,"Identity verified through exact zhwiki page and Wikidata Q319618 P18; source 1294x1792; crop=(0, 87, 1294, 1705); face_detected=True; main=45970 bytes; thumb=6728 bytes; deterministic crop/resize/WebP/contrast +2%. Review note: Wikidata P18 candidate reviewed against contact sheet."
P032,司马光,Sima Guang,https://commons.wikimedia.org/wiki/File:Sima_Guang_1.jpg,https://upload.wikimedia.org/wikipedia/commons/e/e6/Sima_Guang_1.jpg?utm_source=commons.wikimedia.org&utm_campaign=imageinfo&utm_content=original,Annonymous,Public Domain,,true,true,false,true,./portraits/P032/main.webp,./portraits/P032/thumb.webp,2026-09-07,"Identity verified through exact zhwiki page and Wikidata Q33566 P18; source 1200x1200; crop=(108, 0, 1068, 1200); face_detected=True; main=78378 bytes; thumb=13532 bytes; deterministic crop/resize/WebP/contrast +2%. Review note: Wikidata P18 candidate reviewed against contact sheet."
P033,苏轼,Su Shi,https://commons.wikimedia.org/wiki/File:Su_shi.jpg,https://upload.wikimedia.org/wikipedia/commons/9/98/Su_shi.jpg?utm_source=commons.wikimedia.org&utm_campaign=imageinfo&utm_content=original,Zhao Mengfu,Public Domain,,true,true,false,true,./portraits/P033/main.webp,./portraits/P033/thumb.webp,2026-09-07,"Identity verified through exact zhwiki page and Wikidata Q36020 P18; source 750x1766; crop=(0, 149, 750, 1087); face_detected=False; main=26178 bytes; thumb=6082 bytes; deterministic crop/resize/WebP/contrast +2%. Review note: Wikidata P18 candidate reviewed against contact sheet."
P034,岳飞,Yue Fei,https://commons.wikimedia.org/wiki/File:%E5%B2%B3%E9%A3%9B.jpg,https://upload.wikimedia.org/wikipedia/commons/0/0b/%E5%B2%B3%E9%A3%9B.jpg?utm_source=commons.wikimedia.org&utm_campaign=imageinfo&utm_content=original,劉松年繪,CC BY-SA 4.0,https://creativecommons.org/licenses/by-sa/4.0,false,true,true,true,./portraits/P034/main.webp,./portraits/P034/thumb.webp,2026-09-07,"Identity verified through exact zhwiki page and Wikidata Q334398 P18; source 989x2068; crop=(0, 22, 989, 1258); face_detected=True; main=21570 bytes; thumb=3910 bytes; deterministic crop/resize/WebP/contrast +2%. Review note: Wikidata P18 candidate reviewed against contact sheet."
P035,朱熹,Zhu Xi,https://commons.wikimedia.org/wiki/File:%E5%94%AF%E4%B8%80%E5%8F%AF%E9%9D%A0%E7%9A%84%E6%9C%B1%E7%86%B9%E7%94%BB%E5%83%8F.jpg,https://upload.wikimedia.org/wikipedia/commons/5/50/%E5%94%AF%E4%B8%80%E5%8F%AF%E9%9D%A0%E7%9A%84%E6%9C%B1%E7%86%B9%E7%94%BB%E5%83%8F.jpg?utm_source=commons.wikimedia.org&utm_campaign=imageinfo&utm_content=original,向史公哲曰,CC BY-SA 4.0,https://creativecommons.org/licenses/by-sa/4.0,false,true,true,true,./portraits/P035/main.webp,./portraits/P035/thumb.webp,2026-09-07,"Identity verified through exact zhwiki page and Wikidata Q9397 P18; source 2504x2818; crop=(96, 0, 1825, 2161); face_detected=False; main=145862 bytes; thumb=18554 bytes; deterministic crop/resize/WebP/contrast +2%. Review note: Wikidata P18 candidate reviewed against contact sheet."
P036,忽必烈,Kublai Khan,https://commons.wikimedia.org/wiki/File:YuanEmperorAlbumKhubilaiPortrait.jpg,https://upload.wikimedia.org/wikipedia/commons/1/1b/YuanEmperorAlbumKhubilaiPortrait.jpg?utm_source=commons.wikimedia.org&utm_campaign=imageinfo&utm_content=original,Araniko,Public Domain,,true,true,false,true,./portraits/P036/main.webp,./portraits/P036/thumb.webp,2026-09-07,"Identity verified through exact zhwiki page and Wikidata Q7523 P18; source 3221x4018; crop=(2, 0, 1918, 2395); face_detected=False; main=71672 bytes; thumb=5040 bytes; deterministic crop/resize/WebP/contrast +2%. Review note: Wikidata P18 candidate reviewed against contact sheet."
P037,朱元璋,Hongwu Emperor,https://commons.wikimedia.org/wiki/File:Portrait_assis_de_l%27empereur_Ming_Taizu.jpg,https://upload.wikimedia.org/wikipedia/commons/1/14/Portrait_assis_de_l%27empereur_Ming_Taizu.jpg?utm_source=commons.wikimedia.org&utm_campaign=imageinfo&utm_content=original,Unknown authorUnknown author,Public Domain,,true,true,false,true,./portraits/P037/main.webp,./portraits/P037/thumb.webp,2026-09-07,"Identity verified through exact zhwiki page and Wikidata Q9957 P18; source 13906x22644; crop=(0, 726, 1920, 3126); face_detected=True; main=89854 bytes; thumb=12056 bytes; deterministic crop/resize/WebP/contrast +2%. Review note: Wikidata P18 candidate reviewed against contact sheet."
P038,朱棣,Yongle Emperor,https://commons.wikimedia.org/wiki/File:Portrait_assis_de_l%27empereur_Ming_Chengzu.jpg,https://upload.wikimedia.org/wikipedia/commons/8/83/Portrait_assis_de_l%27empereur_Ming_Chengzu.jpg?utm_source=commons.wikimedia.org&utm_campaign=imageinfo&utm_content=original,Unknown authorUnknown author,Public Domain,,true,true,false,true,./portraits/P038/main.webp,./portraits/P038/thumb.webp,2026-09-07,"Identity verified through exact zhwiki page and Wikidata Q9965 P18; source 13737x19935; crop=(0, 69, 1920, 2469); face_detected=False; main=75014 bytes; thumb=9012 bytes; deterministic crop/resize/WebP/contrast +2%. Review note: Wikidata P18 candidate reviewed against contact sheet."
P039,郑和,Zheng He,"https://commons.wikimedia.org/wiki/File:2016_Malakka,_Stadhuys_(09).jpg",https://upload.wikimedia.org/wikipedia/commons/0/0e/2016_Malakka%2C_Stadhuys_%2809%29.jpg?utm_source=commons.wikimedia.org&utm_campaign=imageinfo&utm_content=original,Marcin Konsek,CC BY-SA 4.0,https://creativecommons.org/licenses/by-sa/4.0,false,true,true,true,./portraits/P039/main.webp,./portraits/P039/thumb.webp,2026-09-07,"Identity verified through exact zhwiki page and Wikidata Q7333 P18; source 3233x4849; crop=(0, 204, 1920, 2604); face_detected=True; main=84716 bytes; thumb=13270 bytes; deterministic crop/resize/WebP/contrast +2%. Review note: Wikidata P18 candidate reviewed against contact sheet."
P040,王阳明,Wang Yangming,https://commons.wikimedia.org/wiki/File:%E8%94%A1%E4%B8%96%E6%96%B0_%E7%8E%8B%E9%98%B3%E6%98%8E%E8%82%96%E5%83%8F%E8%BD%B4_(cropped).jpg,https://upload.wikimedia.org/wikipedia/commons/7/76/%E8%94%A1%E4%B8%96%E6%96%B0_%E7%8E%8B%E9%98%B3%E6%98%8E%E8%82%96%E5%83%8F%E8%BD%B4_%28cropped%29.jpg?utm_source=commons.wikimedia.org&utm_campaign=imageinfo&utm_content=original,Cai Shixin,Public Domain,,true,true,false,true,./portraits/P040/main.webp,./portraits/P040/thumb.webp,2026-09-07,"Identity verified through exact zhwiki page and Wikidata Q378462 P18; source 1427x1872; crop=(0, 46, 1427, 1830); face_detected=True; main=46998 bytes; thumb=4878 bytes; deterministic crop/resize/WebP/contrast +2%. Review note: Wikidata P18 candidate reviewed against contact sheet."
P041,张居正,Zhang Juzheng,https://commons.wikimedia.org/wiki/File:Zhangjuzheng.jpg,https://upload.wikimedia.org/wikipedia/commons/b/b4/Zhangjuzheng.jpg?utm_source=commons.wikimedia.org&utm_campaign=imageinfo&utm_content=original,Original uploader was 蒼穹之丘 at zh.wikipedia,Public Domain,,true,true,false,true,./portraits/P041/main.webp,./portraits/P041/thumb.webp,2026-09-07,"Identity verified through exact zhwiki page and Wikidata Q197234 P18; source 270x499; crop=(0, 39, 270, 377); face_detected=True; main=56012 bytes; thumb=13308 bytes; deterministic crop/resize/WebP/contrast +2%. Review note: Wikidata P18 candidate reviewed against contact sheet."
P042,戚继光,Qi Jiguang,https://commons.wikimedia.org/wiki/File:Qi_Jiguang_Portrait.jpg,https://upload.wikimedia.org/wikipedia/commons/6/68/Qi_Jiguang_Portrait.jpg?utm_source=commons.wikimedia.org&utm_campaign=imageinfo&utm_content=original,Thomas Chen,Public Domain,,true,true,false,true,./portraits/P042/main.webp,./portraits/P042/thumb.webp,2026-09-07,"Identity verified through exact zhwiki page and Wikidata Q439768 P18; source 528x979; crop=(0, 0, 528, 660); face_detected=True; main=162096 bytes; thumb=28710 bytes; deterministic crop/resize/WebP/contrast +2%. Review note: Wikidata P18 candidate reviewed against contact sheet."
P044,徐霞客,Xu Xiake,https://commons.wikimedia.org/wiki/File:Xu_Xiake.png,https://upload.wikimedia.org/wikipedia/commons/5/5b/Xu_Xiake.png?utm_source=commons.wikimedia.org&utm_campaign=imageinfo&utm_content=original,Photoed and reproduced by User:Mountain,Public Domain,,true,true,false,true,./portraits/P044/main.webp,./portraits/P044/thumb.webp,2026-09-07,"Identity verified through exact zhwiki page and Wikidata Q1367171 P18; source 738x1270; crop=(0, 236, 738, 1158); face_detected=True; main=37218 bytes; thumb=10022 bytes; deterministic crop/resize/WebP/contrast +2%. Review note: Wikidata P18 candidate reviewed against contact sheet."
P045,康熙,Kangxi Emperor,https://commons.wikimedia.org/wiki/File:%E6%B8%85_%E4%BD%9A%E5%90%8D_%E3%80%8A%E6%B8%85%E5%9C%A3%E7%A5%96%E5%BA%B7%E7%86%99%E7%9A%87%E5%B8%9D%E6%9C%9D%E6%9C%8D%E5%83%8F%E3%80%8B.jpg,https://upload.wikimedia.org/wikipedia/commons/6/62/%E6%B8%85_%E4%BD%9A%E5%90%8D_%E3%80%8A%E6%B8%85%E5%9C%A3%E7%A5%96%E5%BA%B7%E7%86%99%E7%9A%87%E5%B8%9D%E6%9C%9D%E6%9C%8D%E5%83%8F%E3%80%8B.jpg?utm_source=commons.wikimedia.org&utm_campaign=imageinfo&utm_content=original,AnonymousUnknown author Qing Dynasty Court Painter,Public Domain,,true,true,false,true,./portraits/P045/main.webp,./portraits/P045/thumb.webp,2026-09-07,"Identity verified through exact zhwiki page and Wikidata Q17790 P18; source 1587x2615; crop=(0, 300, 1587, 2284); face_detected=True; main=172436 bytes; thumb=22376 bytes; deterministic crop/resize/WebP/contrast +2%. Review note: Wikidata P18 candidate reviewed against contact sheet."
P046,雍正,Yongzheng Emperor,https://commons.wikimedia.org/wiki/File:Emperor_Yongzheng.PNG,https://upload.wikimedia.org/wikipedia/commons/e/e3/Emperor_Yongzheng.PNG?utm_source=commons.wikimedia.org&utm_campaign=imageinfo&utm_content=original,anonymous,Public Domain,,true,true,false,true,./portraits/P046/main.webp,./portraits/P046/thumb.webp,2026-09-07,"Identity verified through exact zhwiki page and Wikidata Q317839 P18; source 593x923; crop=(0, 66, 593, 807); face_detected=True; main=198312 bytes; thumb=23658 bytes; deterministic crop/resize/WebP/contrast +2%. Review note: Wikidata P18 candidate reviewed against contact sheet."
P047,乾隆,Qianlong Emperor,https://commons.wikimedia.org/wiki/File:Portrait_of_the_Qianlong_Emperor_in_Court_Dress.jpg,https://upload.wikimedia.org/wikipedia/commons/5/59/Portrait_of_the_Qianlong_Emperor_in_Court_Dress.jpg?utm_source=commons.wikimedia.org&utm_campaign=imageinfo&utm_content=original,Unidentified painter,Public Domain,,true,true,false,true,./portraits/P047/main.webp,./portraits/P047/thumb.webp,2026-09-07,"Identity verified through exact zhwiki page and Wikidata Q19133 P18; source 700x924; crop=(0, 49, 700, 924); face_detected=True; main=124272 bytes; thumb=20610 bytes; deterministic crop/resize/WebP/contrast +2%. Review note: Wikidata P18 candidate reviewed against contact sheet."
P048,林则徐,Lin Tse-hsu,https://commons.wikimedia.org/wiki/File:Portrait_of_Lin_Zexu.jpeg,https://upload.wikimedia.org/wikipedia/commons/b/bf/Portrait_of_Lin_Zexu.jpeg?utm_source=commons.wikimedia.org&utm_campaign=imageinfo&utm_content=original,Lam Qua,Public Domain,,true,true,false,true,./portraits/P048/main.webp,./portraits/P048/thumb.webp,2026-09-07,"Identity verified through exact zhwiki page and Wikidata Q184999 P18; source 1983x2352; crop=(98, 0, 1920, 2277); face_detected=True; main=40014 bytes; thumb=6060 bytes; deterministic crop/resize/WebP/contrast +2%. Review note: Wikidata P18 candidate reviewed against contact sheet."
P049,曾国藩,Zeng Guofan,https://commons.wikimedia.org/wiki/File:Tseng_Kwo-Fan.tif,https://upload.wikimedia.org/wikipedia/commons/b/b0/Tseng_Kwo-Fan.tif?utm_source=commons.wikimedia.org&utm_campaign=imageinfo&utm_content=original,Unknown authorUnknown author,Public Domain,,true,true,false,true,./portraits/P049/main.webp,./portraits/P049/thumb.webp,2026-09-07,"Identity verified through exact zhwiki page and Wikidata Q189512 P18; source 2063x2923; crop=(0, 320, 1920, 2720); face_detected=True; main=88334 bytes; thumb=9374 bytes; deterministic crop/resize/WebP/contrast +2%. Review note: Wikidata P18 candidate reviewed against contact sheet."
P050,左宗棠,Zuo Zongtang,https://commons.wikimedia.org/wiki/File:Zuo_Zongtang_1875.jpg,https://upload.wikimedia.org/wikipedia/commons/f/fa/Zuo_Zongtang_1875.jpg?utm_source=commons.wikimedia.org&utm_campaign=imageinfo&utm_content=original,"Boiarskii, Adolf-Nikolay Erazmovich",Public Domain,,true,true,false,true,./portraits/P050/main.webp,./portraits/P050/thumb.webp,2026-09-07,"Identity verified through exact zhwiki page and Wikidata Q230200 P18; source 901x1318; crop=(0, 162, 901, 1288); face_detected=True; main=103966 bytes; thumb=16338 bytes; deterministic crop/resize/WebP/contrast +2%. Review note: Wikidata P18 candidate reviewed against contact sheet."
P051,李鸿章,Li Hongzhang,https://commons.wikimedia.org/wiki/File:Li_Hung_Chang_in_1896.jpg,https://upload.wikimedia.org/wikipedia/commons/d/d7/Li_Hung_Chang_in_1896.jpg?utm_source=commons.wikimedia.org&utm_campaign=imageinfo&utm_content=original,Russell & Sons,Public Domain,,true,true,false,true,./portraits/P051/main.webp,./portraits/P051/thumb.webp,2026-09-07,"Identity verified through exact zhwiki page and Wikidata Q378517 P18; source 1063x1545; crop=(0, 216, 1063, 1545); face_detected=True; main=99842 bytes; thumb=12848 bytes; deterministic crop/resize/WebP/contrast +2%. Review note: Wikidata P18 candidate reviewed against contact sheet."
P052,梁启超,Liang Chi-chao,https://commons.wikimedia.org/wiki/File:%E6%A2%81%E5%90%AF%E8%B6%85%E5%9C%A8%E6%97%A5%E6%9C%AC%E6%9C%9F%E9%97%B4.jpg,https://upload.wikimedia.org/wikipedia/commons/f/f4/%E6%A2%81%E5%90%AF%E8%B6%85%E5%9C%A8%E6%97%A5%E6%9C%AC%E6%9C%9F%E9%97%B4.jpg?utm_source=commons.wikimedia.org&utm_campaign=imageinfo&utm_content=original,Unknown authorUnknown author,Public Domain,,true,true,false,true,./portraits/P052/main.webp,./portraits/P052/thumb.webp,2026-09-07,"Identity verified through exact zhwiki page and Wikidata Q379836 P18; source 765x1055; crop=(0, 0, 765, 956); face_detected=True; main=35058 bytes; thumb=7110 bytes; deterministic crop/resize/WebP/contrast +2%. Review note: Wikidata P18 candidate reviewed against contact sheet."
P053,蔡元培,Cai Yuanpei,https://commons.wikimedia.org/wiki/File:Cai_Yuanpei-loc-nodate-crop.jpg,https://upload.wikimedia.org/wikipedia/commons/a/ac/Cai_Yuanpei-loc-nodate-crop.jpg?utm_source=commons.wikimedia.org&utm_campaign=imageinfo&utm_content=original,The Library of Congress,Public Domain,,true,true,false,true,./portraits/P053/main.webp,./portraits/P053/thumb.webp,2026-09-07,"Identity verified through exact zhwiki page and Wikidata Q19796 P18; source 553x662; crop=(23, 0, 553, 662); face_detected=True; main=62686 bytes; thumb=6596 bytes; deterministic crop/resize/WebP/contrast +2%. Review note: Wikidata P18 candidate reviewed against contact sheet."
P054,鲁迅,Lu Xun,https://commons.wikimedia.org/wiki/File:LuXun1930.jpg,https://upload.wikimedia.org/wikipedia/commons/4/48/LuXun1930.jpg?utm_source=commons.wikimedia.org&utm_campaign=imageinfo&utm_content=original,Unknown authorUnknown author,Public Domain,,true,true,false,true,./portraits/P054/main.webp,./portraits/P054/thumb.webp,2026-09-07,"Identity verified through exact zhwiki page and Wikidata Q23114 P18; source 3134x4183; crop=(0, 0, 1920, 2400); face_detected=True; main=69854 bytes; thumb=7184 bytes; deterministic crop/resize/WebP/contrast +2%. Review note: Wikidata P18 candidate reviewed against contact sheet."
P055,胡适,Hu Shih,https://commons.wikimedia.org/wiki/File:Hu_Shih_1960_color.jpg,https://upload.wikimedia.org/wikipedia/commons/d/d0/Hu_Shih_1960_color.jpg?utm_source=commons.wikimedia.org&utm_campaign=imageinfo&utm_content=original,Unknown authorUnknown author,Public Domain,,true,true,false,true,./portraits/P055/main.webp,./portraits/P055/thumb.webp,2026-09-07,"Identity verified through exact zhwiki page and Wikidata Q47667 P18; source 457x600; crop=(0, 0, 457, 571); face_detected=True; main=70572 bytes; thumb=11174 bytes; deterministic crop/resize/WebP/contrast +2%. Review note: Wikidata P18 candidate reviewed against contact sheet."
P056,徐悲鸿,Xu Beihong,https://commons.wikimedia.org/wiki/File:XuBeihong.jpg,https://upload.wikimedia.org/wikipedia/commons/b/bc/XuBeihong.jpg?utm_source=commons.wikimedia.org&utm_campaign=imageinfo&utm_content=original,,Public Domain,,true,true,false,true,./portraits/P056/main.webp,./portraits/P056/thumb.webp,2026-09-07,"Identity verified through exact zhwiki page and Wikidata Q714152 P18; source 763x945; crop=(0, 0, 756, 945); face_detected=True; main=34820 bytes; thumb=7838 bytes; deterministic crop/resize/WebP/contrast +2%. Review note: Wikidata P18 candidate reviewed against contact sheet."
P057,齐白石,Qi Baishi,"https://commons.wikimedia.org/wiki/File:Qi_Baishi_(1956),_by_Zheng_Jingkang.jpg",https://upload.wikimedia.org/wikipedia/commons/e/e1/Qi_Baishi_%281956%29%2C_by_Zheng_Jingkang.jpg?utm_source=commons.wikimedia.org&utm_campaign=imageinfo&utm_content=original,Zheng Jingkang,Public Domain,,true,true,false,true,./portraits/P057/main.webp,./portraits/P057/thumb.webp,2026-09-07,"Identity verified through exact zhwiki page and Wikidata Q369608 P18; source 3136x4614; crop=(0, 0, 1920, 2400); face_detected=True; main=138170 bytes; thumb=12454 bytes; deterministic crop/resize/WebP/contrast +2%. Review note: Wikidata P18 candidate reviewed against contact sheet."
P058,钱学森,Qian Xuesen,https://commons.wikimedia.org/wiki/File:%E6%AD%B8%E5%9C%8B%E5%BE%8C%E7%9A%84%E9%8C%A2%E5%AD%B8%E6%A3%AE.png,https://upload.wikimedia.org/wikipedia/commons/f/fd/%E6%AD%B8%E5%9C%8B%E5%BE%8C%E7%9A%84%E9%8C%A2%E5%AD%B8%E6%A3%AE.png?utm_source=commons.wikimedia.org&utm_campaign=imageinfo&utm_content=original,Unknown authorUnknown author,Public Domain,,true,true,false,true,./portraits/P058/main.webp,./portraits/P058/thumb.webp,2026-09-07,"Identity verified through exact zhwiki page and Wikidata Q333500 P18; source 393x554; crop=(0, 0, 393, 491); face_detected=True; main=36254 bytes; thumb=7218 bytes; deterministic crop/resize/WebP/contrast +2%. Review note: Wikidata P18 candidate reviewed against contact sheet."
P060,袁隆平,Yuan Longping,https://commons.wikimedia.org/wiki/File:Yuan_Longping_at_news_conference_(cropped).png,https://upload.wikimedia.org/wikipedia/commons/7/77/Yuan_Longping_at_news_conference_%28cropped%29.png?utm_source=commons.wikimedia.org&utm_campaign=imageinfo&utm_content=original,China News Service,CC BY 3.0,https://creativecommons.org/licenses/by/3.0,false,true,true,true,./portraits/P060/main.webp,./portraits/P060/thumb.webp,2026-09-07,"Identity verified through exact zhwiki page and Wikidata Q3141326 P18; source 538x717; crop=(0, 0, 538, 672); face_detected=True; main=31130 bytes; thumb=8748 bytes; deterministic crop/resize/WebP/contrast +2%. Review note: Wikidata P18 candidate reviewed against contact sheet."
P061,苏格拉底,Socrates,https://commons.wikimedia.org/wiki/File:Socrates_Louvre.jpg,https://upload.wikimedia.org/wikipedia/commons/a/a4/Socrates_Louvre.jpg?utm_source=commons.wikimedia.org&utm_campaign=imageinfo&utm_content=original,Copy of Lysippos (?),Public Domain,,true,true,false,true,./portraits/P061/main.webp,./portraits/P061/thumb.webp,2026-09-07,"Identity verified through exact enwiki page and Wikidata Q913 P18; source 1944x2592; crop=(0, 0, 1920, 2400); face_detected=True; main=48212 bytes; thumb=8118 bytes; deterministic crop/resize/WebP/contrast +2%. Review note: Wikidata P18 candidate reviewed against contact sheet."
P062,柏拉图,Plato,https://commons.wikimedia.org/wiki/File:Plato_Silanion_Musei_Capitolini_MC1377.jpg,https://upload.wikimedia.org/wikipedia/commons/8/88/Plato_Silanion_Musei_Capitolini_MC1377.jpg?utm_source=commons.wikimedia.org&utm_campaign=imageinfo&utm_content=original,Marie-Lan Nguyen,CC BY 2.5,https://creativecommons.org/licenses/by/2.5,false,true,true,true,./portraits/P062/main.webp,./portraits/P062/thumb.webp,2026-09-07,"Identity verified through exact enwiki page and Wikidata Q859 P18; source 2400x3600; crop=(0, 0, 1920, 2400); face_detected=True; main=61678 bytes; thumb=10032 bytes; deterministic crop/resize/WebP/contrast +2%. Review note: Wikidata P18 candidate reviewed against contact sheet."
P063,亚里士多德,Aristotle,https://commons.wikimedia.org/wiki/File:Aristotle_Altemps_Inv8575.jpg,https://upload.wikimedia.org/wikipedia/commons/a/ae/Aristotle_Altemps_Inv8575.jpg?utm_source=commons.wikimedia.org&utm_campaign=imageinfo&utm_content=original,After Lysippos,Public Domain,,true,true,false,true,./portraits/P063/main.webp,./portraits/P063/thumb.webp,2026-09-07,"Identity verified through exact enwiki page and Wikidata Q868 P18; source 1700x2275; crop=(0, 0, 1700, 2125); face_detected=True; main=54048 bytes; thumb=10426 bytes; deterministic crop/resize/WebP/contrast +2%. Review note: Wikidata P18 candidate reviewed against contact sheet."
P064,亚历山大大帝,Alexander the Great,https://commons.wikimedia.org/wiki/File:Alexander_the_Great_mosaic_(cropped).jpg,https://upload.wikimedia.org/wikipedia/commons/8/84/Alexander_the_Great_mosaic_%28cropped%29.jpg?utm_source=commons.wikimedia.org&utm_campaign=imageinfo&utm_content=original,Unknown authorUnknown author,Public Domain,,true,true,false,true,./portraits/P064/main.webp,./portraits/P064/thumb.webp,2026-09-07,"Identity verified through exact enwiki page and Wikidata Q8409 P18; source 803x1074; crop=(0, 13, 803, 1017); face_detected=False; main=243870 bytes; thumb=35362 bytes; deterministic crop/resize/WebP/contrast +2%. Review note: Wikidata P18 candidate reviewed against contact sheet."
P065,尤利乌斯·凯撒,Julius Caesar,https://commons.wikimedia.org/wiki/File:Retrato_de_Julio_C%C3%A9sar_(26724093101)_(cropped).jpg,https://upload.wikimedia.org/wikipedia/commons/6/62/Retrato_de_Julio_C%C3%A9sar_%2826724093101%29_%28cropped%29.jpg?utm_source=commons.wikimedia.org&utm_campaign=imageinfo&utm_content=original,"Ángel M. Felicísimo from Mérida, España",Public Domain,,true,true,false,true,./portraits/P065/main.webp,./portraits/P065/thumb.webp,2026-09-07,"Identity verified through exact enwiki page and Wikidata Q1048 P18; source 1752x2379; crop=(0, 0, 1752, 2190); face_detected=True; main=35738 bytes; thumb=5216 bytes; deterministic crop/resize/WebP/contrast +2%. Review note: Wikidata P18 candidate reviewed against contact sheet."
P066,奥古斯都,Augustus,https://commons.wikimedia.org/wiki/File:Augustus_of_Prima_Porta_(inv._2290).jpg,https://upload.wikimedia.org/wikipedia/commons/5/5e/Augustus_of_Prima_Porta_%28inv._2290%29.jpg?utm_source=commons.wikimedia.org&utm_campaign=imageinfo&utm_content=original,Joel Bellviure,CC BY-SA 4.0,https://creativecommons.org/licenses/by-sa/4.0,false,true,true,true,./portraits/P066/main.webp,./portraits/P066/thumb.webp,2026-09-07,"Identity verified through exact enwiki page and Wikidata Q1405 P18; source 2813x4500; crop=(0, 671, 1920, 3071); face_detected=True; main=120592 bytes; thumb=13166 bytes; deterministic crop/resize/WebP/contrast +2%. Review note: Wikidata P18 candidate reviewed against contact sheet."
P067,马可·奥勒留,Marcus Aurelius,https://commons.wikimedia.org/wiki/File:Marcus_Aurelius_Louvre_MR561_n02.jpg,https://upload.wikimedia.org/wikipedia/commons/1/1c/Marcus_Aurelius_Louvre_MR561_n02.jpg?utm_source=commons.wikimedia.org&utm_campaign=imageinfo&utm_content=original,Marie-Lan Nguyen (2011),CC BY 2.5,https://creativecommons.org/licenses/by/2.5,false,true,true,true,./portraits/P067/main.webp,./portraits/P067/thumb.webp,2026-09-07,"Identity verified through exact enwiki page and Wikidata Q1430 P18; source 2773x4160; crop=(0, 0, 1920, 2400); face_detected=True; main=74302 bytes; thumb=12986 bytes; deterministic crop/resize/WebP/contrast +2%. Review note: Wikidata P18 candidate reviewed against contact sheet."
P068,克娄巴特拉七世,Cleopatra,https://commons.wikimedia.org/wiki/File:Kleopatra-VII.-Altes-Museum-Berlin1.jpg,https://upload.wikimedia.org/wikipedia/commons/3/3e/Kleopatra-VII.-Altes-Museum-Berlin1.jpg?utm_source=commons.wikimedia.org&utm_campaign=imageinfo&utm_content=original,Louis le Grand,Public Domain,,true,true,false,true,./portraits/P068/main.webp,./portraits/P068/thumb.webp,2026-09-07,"Identity verified through exact enwiki page and Wikidata Q635 P18; source 1149x1523; crop=(0, 87, 1149, 1523); face_detected=True; main=33252 bytes; thumb=5632 bytes; deterministic crop/resize/WebP/contrast +2%. Review note: Wikidata P18 candidate reviewed against contact sheet."
P069,查理曼,Charlemagne,https://commons.wikimedia.org/wiki/File:Charlemagne_denier_Mayence_812_814.jpg,https://upload.wikimedia.org/wikipedia/commons/f/fb/Charlemagne_denier_Mayence_812_814.jpg?utm_source=commons.wikimedia.org&utm_campaign=imageinfo&utm_content=original,Charlemagne. Autorité émettrice de monnaie indéterminé. Atelier monétaire. Émetteur,Public Domain,,true,true,false,true,./portraits/P069/main.webp,./portraits/P069/thumb.webp,2026-09-07,"Identity verified through exact enwiki page and Wikidata Q3044 P18; source 2070x2070; crop=(192, 0, 1728, 1920); face_detected=False; main=83934 bytes; thumb=12618 bytes; deterministic crop/resize/WebP/contrast +2%. Review note: Wikidata P18 candidate reviewed against contact sheet."
P070,圣女贞德,Joan of Arc,https://commons.wikimedia.org/wiki/File:Joan_of_Arc_miniature_graded.jpg,https://upload.wikimedia.org/wikipedia/commons/c/c3/Joan_of_Arc_miniature_graded.jpg?utm_source=commons.wikimedia.org&utm_campaign=imageinfo&utm_content=original,"Derived from original commons upload at which is now in the history version: 01:39, 13. 8. 2005 Colour-graded to reveal more detail using GIMP software ""curves"" tool",Public Domain,,true,true,false,true,./portraits/P070/main.webp,./portraits/P070/thumb.webp,2026-09-07,"Identity verified through exact enwiki page and Wikidata Q7226 P18; source 1812x2700; crop=(0, 6, 1812, 2271); face_detected=True; main=166538 bytes; thumb=23628 bytes; deterministic crop/resize/WebP/contrast +2%. Review note: Wikidata P18 candidate reviewed against contact sheet."
P071,达·芬奇,Leonardo da Vinci,https://commons.wikimedia.org/wiki/File:Francesco_Melzi_-_Portrait_of_Leonardo.png,https://upload.wikimedia.org/wikipedia/commons/c/cb/Francesco_Melzi_-_Portrait_of_Leonardo.png?utm_source=commons.wikimedia.org&utm_campaign=imageinfo&utm_content=original,Attributed to Francesco Melzi,Public Domain,,true,true,false,true,./portraits/P071/main.webp,./portraits/P071/thumb.webp,2026-09-07,"Identity verified through exact enwiki page and Wikidata Q762 P18; source 1286x1842; crop=(0, 42, 1286, 1650); face_detected=False; main=122398 bytes; thumb=10146 bytes; deterministic crop/resize/WebP/contrast +2%. Review note: Wikidata P18 candidate reviewed against contact sheet."
P072,米开朗基罗,Michelangelo,https://commons.wikimedia.org/wiki/File:Michelangelo_Daniele_da_Volterra_(dettaglio).jpg,https://upload.wikimedia.org/wikipedia/commons/0/02/Michelangelo_Daniele_da_Volterra_%28dettaglio%29.jpg?utm_source=commons.wikimedia.org&utm_campaign=imageinfo&utm_content=original,Attributed to Daniele da Volterra,Public Domain,,true,true,false,true,./portraits/P072/main.webp,./portraits/P072/thumb.webp,2026-09-07,"Identity verified through exact enwiki page and Wikidata Q5592 P18; source 1382x1600; crop=(102, 0, 1382, 1600); face_detected=True; main=93886 bytes; thumb=8556 bytes; deterministic crop/resize/WebP/contrast +2%. Review note: Wikidata P18 candidate reviewed against contact sheet."
P073,拉斐尔,Raphael,https://commons.wikimedia.org/wiki/File:Raffaello_Sanzio.jpg,https://upload.wikimedia.org/wikipedia/commons/f/f6/Raffaello_Sanzio.jpg?utm_source=commons.wikimedia.org&utm_campaign=imageinfo&utm_content=original,Raphael,Public Domain,,true,true,false,true,./portraits/P073/main.webp,./portraits/P073/thumb.webp,2026-09-07,"Identity verified through exact enwiki page and Wikidata Q5597 P18; source 3898x5315; crop=(0, 0, 1920, 2400); face_detected=True; main=46488 bytes; thumb=4596 bytes; deterministic crop/resize/WebP/contrast +2%. Review note: Wikidata P18 candidate reviewed against contact sheet."
P074,马基雅维利,Niccolò Machiavelli,https://commons.wikimedia.org/wiki/File:Portrait_of_Niccol%C3%B2_Machiavelli_by_Santi_di_Tito.jpg,https://upload.wikimedia.org/wikipedia/commons/e/e2/Portrait_of_Niccol%C3%B2_Machiavelli_by_Santi_di_Tito.jpg?utm_source=commons.wikimedia.org&utm_campaign=imageinfo&utm_content=original,Santi di Tito,Public Domain,,true,true,false,true,./portraits/P074/main.webp,./portraits/P074/thumb.webp,2026-09-07,"Identity verified through exact enwiki page and Wikidata Q1399 P18; source 1244x1600; crop=(0, 45, 1244, 1600); face_detected=True; main=32846 bytes; thumb=5688 bytes; deterministic crop/resize/WebP/contrast +2%. Review note: Wikidata P18 candidate reviewed against contact sheet."
P075,伽利略,Galileo Galilei,https://commons.wikimedia.org/wiki/File:Galileo.arp.300pix.jpg,https://upload.wikimedia.org/wikipedia/commons/c/cc/Galileo.arp.300pix.jpg?utm_source=commons.wikimedia.org&utm_campaign=imageinfo&utm_content=original,Justus Sustermans,Public Domain,,true,true,false,true,./portraits/P075/main.webp,./portraits/P075/thumb.webp,2026-09-07,"Identity verified through exact enwiki page and Wikidata Q307 P18; source 1180x1448; crop=(0, 0, 1158, 1448); face_detected=True; main=114542 bytes; thumb=10722 bytes; deterministic crop/resize/WebP/contrast +2%. Review note: Wikidata P18 candidate reviewed against contact sheet."
P076,牛顿,Isaac Newton,https://commons.wikimedia.org/wiki/File:GodfreyKneller-IsaacNewton-1689.jpg,https://upload.wikimedia.org/wikipedia/commons/3/39/GodfreyKneller-IsaacNewton-1689.jpg?utm_source=commons.wikimedia.org&utm_campaign=imageinfo&utm_content=original,James Thronill after Sir Godfrey Kneller,Public Domain,,true,true,false,true,./portraits/P076/main.webp,./portraits/P076/thumb.webp,2026-09-07,"Identity verified through exact enwiki page and Wikidata Q935 P18; source 1364x1916; crop=(0, 0, 1364, 1705); face_detected=True; main=85946 bytes; thumb=6722 bytes; deterministic crop/resize/WebP/contrast +2%. Review note: Wikidata P18 candidate reviewed against contact sheet."
P077,莎士比亚,William Shakespeare,https://commons.wikimedia.org/wiki/File:Shakespeare.jpg,https://upload.wikimedia.org/wikipedia/commons/a/a2/Shakespeare.jpg?utm_source=commons.wikimedia.org&utm_campaign=imageinfo&utm_content=original,Attributed to John Taylor,Public Domain,,true,true,false,true,./portraits/P077/main.webp,./portraits/P077/thumb.webp,2026-09-07,"Identity verified through exact enwiki page and Wikidata Q692 P18; source 2400x3059; crop=(0, 47, 1920, 2447); face_detected=True; main=79568 bytes; thumb=5646 bytes; deterministic crop/resize/WebP/contrast +2%. Review note: Wikidata P18 candidate reviewed against contact sheet."
P078,伊丽莎白一世,Elizabeth I of England,https://commons.wikimedia.org/wiki/File:Elizabeth1England.jpg,https://upload.wikimedia.org/wikipedia/commons/e/e5/Elizabeth1England.jpg?utm_source=commons.wikimedia.org&utm_campaign=imageinfo&utm_content=original,Attributed to William Segar / Attributed to George Gower / Formerly attributed to Nicholas Hilliard,Public Domain,,true,true,false,true,./portraits/P078/main.webp,./portraits/P078/thumb.webp,2026-09-07,"Identity verified through exact enwiki page and Wikidata Q7207 P18; source 1266x1536; crop=(37, 0, 1266, 1536); face_detected=True; main=142880 bytes; thumb=21866 bytes; deterministic crop/resize/WebP/contrast +2%. Review note: Wikidata P18 candidate reviewed against contact sheet."
P079,彼得大帝,Peter the Great,"https://commons.wikimedia.org/wiki/File:Inconnu_d%27apr%C3%A8s_J.-M._Nattier,_Portrait_de_Pierre_Ier_(mus%C3%A9e_de_l%E2%80%99Ermitage).jpg",https://upload.wikimedia.org/wikipedia/commons/d/d6/Inconnu_d%27apr%C3%A8s_J.-M._Nattier%2C_Portrait_de_Pierre_Ier_%28mus%C3%A9e_de_l%E2%80%99Ermitage%29.jpg?utm_source=commons.wikimedia.org&utm_campaign=imageinfo&utm_content=original,Attributed to Jean-Marc Nattier,Public Domain,,true,true,false,true,./portraits/P079/main.webp,./portraits/P079/thumb.webp,2026-09-07,"Identity verified through exact enwiki page and Wikidata Q8479 P18; source 2831x3738; crop=(0, 135, 1920, 2535); face_detected=True; main=73918 bytes; thumb=8762 bytes; deterministic crop/resize/WebP/contrast +2%. Review note: Wikidata P18 candidate reviewed against contact sheet."
P080,叶卡捷琳娜二世,Catherine II of Russia,"https://commons.wikimedia.org/wiki/File:Catherine_II_after_Roslin,_Rokotov_(1780s,_Kunsthistorisches_Museum).jpg",https://upload.wikimedia.org/wikipedia/commons/7/72/Catherine_II_after_Roslin%2C_Rokotov_%281780s%2C_Kunsthistorisches_Museum%29.jpg?utm_source=commons.wikimedia.org&utm_campaign=imageinfo&utm_content=original,After Alexander Roslin,Public Domain,,true,true,false,true,./portraits/P080/main.webp,./portraits/P080/thumb.webp,2026-09-07,"Identity verified through exact enwiki page and Wikidata Q36450 P18; source 1132x1350; crop=(4, 0, 1084, 1350); face_detected=True; main=62118 bytes; thumb=9752 bytes; deterministic crop/resize/WebP/contrast +2%. Review note: Wikidata P18 candidate reviewed against contact sheet."
P081,乔治·华盛顿,George Washington,https://commons.wikimedia.org/wiki/File:Gilbert_Stuart_Williamstown_Portrait_of_George_Washington.jpg,https://upload.wikimedia.org/wikipedia/commons/b/b6/Gilbert_Stuart_Williamstown_Portrait_of_George_Washington.jpg?utm_source=commons.wikimedia.org&utm_campaign=imageinfo&utm_content=original,Gilbert Stuart,Public Domain,,true,true,false,true,./portraits/P081/main.webp,./portraits/P081/thumb.webp,2026-09-07,"Identity verified through exact enwiki page and Wikidata Q23 P18; source 4628x5619; crop=(0, 0, 1865, 2331); face_detected=True; main=25190 bytes; thumb=2940 bytes; deterministic crop/resize/WebP/contrast +2%. Review note: Wikidata P18 candidate reviewed against contact sheet."
P082,托马斯·杰斐逊,Thomas Jefferson,"https://commons.wikimedia.org/wiki/File:Official_Presidential_portrait_of_Thomas_Jefferson_(by_Rembrandt_Peale,_1800)(cropped).jpg",https://upload.wikimedia.org/wikipedia/commons/b/b1/Official_Presidential_portrait_of_Thomas_Jefferson_%28by_Rembrandt_Peale%2C_1800%29%28cropped%29.jpg?utm_source=commons.wikimedia.org&utm_campaign=imageinfo&utm_content=original,Rembrandt Peale,Public Domain,,true,true,false,true,./portraits/P082/main.webp,./portraits/P082/thumb.webp,2026-09-07,"Identity verified through exact enwiki page and Wikidata Q11812 P18; source 732x900; crop=(0, 0, 720, 900); face_detected=True; main=55282 bytes; thumb=4338 bytes; deterministic crop/resize/WebP/contrast +2%. Review note: Wikidata P18 candidate reviewed against contact sheet."
P083,本杰明·富兰克林,Benjamin Franklin,https://commons.wikimedia.org/wiki/File:Joseph_Siffrein_Duplessis_-_Benjamin_Franklin_-_Google_Art_Project.jpg,https://upload.wikimedia.org/wikipedia/commons/8/87/Joseph_Siffrein_Duplessis_-_Benjamin_Franklin_-_Google_Art_Project.jpg?utm_source=commons.wikimedia.org&utm_campaign=imageinfo&utm_content=original,Joseph-Siffred Duplessis,Public Domain,,true,true,false,true,./portraits/P083/main.webp,./portraits/P083/thumb.webp,2026-09-07,"Identity verified through exact enwiki page and Wikidata Q34969 P18; source 6396x7801; crop=(12, 0, 1886, 2342); face_detected=True; main=32088 bytes; thumb=5590 bytes; deterministic crop/resize/WebP/contrast +2%. Review note: Wikidata P18 candidate reviewed against contact sheet."
P084,亚伯拉罕·林肯,Abraham Lincoln,https://commons.wikimedia.org/wiki/File:Abraham_Lincoln_O-77_matte_collodion_print.jpg,https://upload.wikimedia.org/wikipedia/commons/a/ab/Abraham_Lincoln_O-77_matte_collodion_print.jpg?utm_source=commons.wikimedia.org&utm_campaign=imageinfo&utm_content=original,Alexander Gardner,Public Domain,,true,true,false,true,./portraits/P084/main.webp,./portraits/P084/thumb.webp,2026-09-07,"Identity verified through exact enwiki page and Wikidata Q91 P18; source 2200x2835; crop=(0, 0, 1920, 2400); face_detected=True; main=49140 bytes; thumb=6124 bytes; deterministic crop/resize/WebP/contrast +2%. Review note: Wikidata P18 candidate reviewed against contact sheet."
P085,拿破仑,Napoleon,https://commons.wikimedia.org/wiki/File:Jacques-Louis_David_-_The_Emperor_Napoleon_in_His_Study_at_the_Tuileries_-_Google_Art_Project.jpg,https://upload.wikimedia.org/wikipedia/commons/5/50/Jacques-Louis_David_-_The_Emperor_Napoleon_in_His_Study_at_the_Tuileries_-_Google_Art_Project.jpg?utm_source=commons.wikimedia.org&utm_campaign=imageinfo&utm_content=original,Jacques-Louis David,Public Domain,,true,true,false,true,./portraits/P085/main.webp,./portraits/P085/thumb.webp,2026-09-07,"Identity verified through exact enwiki page and Wikidata Q517 P18; source 3079x5135; crop=(346, 160, 1574, 1697); face_detected=True; main=59274 bytes; thumb=9524 bytes; deterministic crop/resize/WebP/contrast +2%. Review note: Manual upper-body crop prevents a false face detection from removing Napoleon's head."
P086,俾斯麦,Otto von Bismarck,"https://commons.wikimedia.org/wiki/File:Bundesarchiv_Bild_146-2005-0057,_Otto_von_Bismarck.jpg",https://upload.wikimedia.org/wikipedia/commons/1/10/Bundesarchiv_Bild_146-2005-0057%2C_Otto_von_Bismarck.jpg?utm_source=commons.wikimedia.org&utm_campaign=imageinfo&utm_content=original,Jacques Pilartz,Public Domain,,true,true,false,true,./portraits/P086/main.webp,./portraits/P086/thumb.webp,2026-09-07,"Identity verified through exact enwiki page and Wikidata Q8442 P18; source 531x789; crop=(0, 125, 531, 789); face_detected=True; main=40778 bytes; thumb=6754 bytes; deterministic crop/resize/WebP/contrast +2%. Review note: Wikidata P18 candidate reviewed against contact sheet."
P087,丘吉尔,Winston Churchill,https://commons.wikimedia.org/wiki/File:Sir_Winston_Churchill_-_19086236948_(restored).jpg,https://upload.wikimedia.org/wikipedia/commons/0/02/Sir_Winston_Churchill_-_19086236948_%28restored%29.jpg?utm_source=commons.wikimedia.org&utm_campaign=imageinfo&utm_content=original,Yousuf Karsh,Public Domain,,true,true,false,true,./portraits/P087/main.webp,./portraits/P087/thumb.webp,2026-09-07,"Identity verified through exact enwiki page and Wikidata Q8016 P18; source 6036x7504; crop=(0, 0, 1910, 2387); face_detected=True; main=17234 bytes; thumb=3870 bytes; deterministic crop/resize/WebP/contrast +2%. Review note: Wikidata P18 candidate reviewed against contact sheet."
P088,富兰克林·罗斯福,Franklin Delano Roosevelt,https://commons.wikimedia.org/wiki/File:FDR_1944_Color_Portrait.jpg,https://upload.wikimedia.org/wikipedia/commons/4/42/FDR_1944_Color_Portrait.jpg?utm_source=commons.wikimedia.org&utm_campaign=imageinfo&utm_content=original,Leon Perskie,CC BY 2.0,https://creativecommons.org/licenses/by/2.0,false,true,true,true,./portraits/P088/main.webp,./portraits/P088/thumb.webp,2026-09-07,"Identity verified through exact enwiki page and Wikidata Q8007 P18; source 2754x3969; crop=(0, 367, 1920, 2767); face_detected=True; main=38302 bytes; thumb=6242 bytes; deterministic crop/resize/WebP/contrast +2%. Review note: Wikidata P18 candidate reviewed against contact sheet."
P089,甘地,Mahatma Gandhi,"https://commons.wikimedia.org/wiki/File:Mahatma-Gandhi,_studio,_1931.jpg",https://upload.wikimedia.org/wikipedia/commons/7/7a/Mahatma-Gandhi%2C_studio%2C_1931.jpg?utm_source=commons.wikimedia.org&utm_campaign=imageinfo&utm_content=original,Elliott & Fry,Public Domain,,true,true,false,true,./portraits/P089/main.webp,./portraits/P089/thumb.webp,2026-09-07,"Identity verified through exact enwiki page and Wikidata Q1001 P18; source 2620x3270; crop=(3, 0, 1920, 2396); face_detected=True; main=71830 bytes; thumb=6436 bytes; deterministic crop/resize/WebP/contrast +2%. Review note: Wikidata P18 candidate reviewed against contact sheet."
P090,纳尔逊·曼德拉,Nelson Mandela,https://commons.wikimedia.org/wiki/File:Nelson_Mandela_1994.jpg,https://upload.wikimedia.org/wikipedia/commons/0/02/Nelson_Mandela_1994.jpg?utm_source=commons.wikimedia.org&utm_campaign=imageinfo&utm_content=original,Kingkongphoto & www.celebrity-photos.com from Laurel,CC BY-SA 2.0,https://creativecommons.org/licenses/by-sa/2.0,false,true,true,true,./portraits/P090/main.webp,./portraits/P090/thumb.webp,2026-09-07,"Identity verified through exact enwiki page and Wikidata Q8023 P18; source 1500x1940; crop=(0, 65, 1500, 1940); face_detected=True; main=56416 bytes; thumb=8942 bytes; deterministic crop/resize/WebP/contrast +2%. Review note: Wikidata P18 candidate reviewed against contact sheet."
P091,马丁·路德·金,Martin Luther King Jr.,"https://commons.wikimedia.org/wiki/File:Martin_Luther_King,_Jr._and_Lyndon_Johnson_(cropped).jpg",https://upload.wikimedia.org/wikipedia/commons/c/ce/Martin_Luther_King%2C_Jr._and_Lyndon_Johnson_%28cropped%29.jpg?utm_source=commons.wikimedia.org&utm_campaign=imageinfo&utm_content=original,Yoichi Okamoto,Public Domain,,true,true,false,true,./portraits/P091/main.webp,./portraits/P091/thumb.webp,2026-09-07,"Identity verified through exact enwiki page and Wikidata Q8027 P18; source 1141x1521; crop=(0, 0, 1141, 1426); face_detected=True; main=67118 bytes; thumb=6984 bytes; deterministic crop/resize/WebP/contrast +2%. Review note: Wikidata P18 candidate reviewed against contact sheet."
P092,达尔文,Charles Darwin,https://commons.wikimedia.org/wiki/File:Charles_Darwin_portrait.jpg,https://upload.wikimedia.org/wikipedia/commons/f/f1/Charles_Darwin_portrait.jpg?utm_source=commons.wikimedia.org&utm_campaign=imageinfo&utm_content=original,Herbert Rose Barraud,Public Domain,,true,true,false,true,./portraits/P092/main.webp,./portraits/P092/thumb.webp,2026-09-07,"Identity verified through exact enwiki page and Wikidata Q1035 P18; source 630x885; crop=(0, 0, 630, 788); face_detected=True; main=69854 bytes; thumb=9098 bytes; deterministic crop/resize/WebP/contrast +2%. Review note: Wikidata P18 candidate reviewed against contact sheet."
P093,玛丽·居里,Marie Curie,https://commons.wikimedia.org/wiki/File:Marie_Curie_(1900)_(cropped).jpg,https://upload.wikimedia.org/wikipedia/commons/7/77/Marie_Curie_%281900%29_%28cropped%29.jpg?utm_source=commons.wikimedia.org&utm_campaign=imageinfo&utm_content=original,Unknown authorUnknown author,Public Domain,,true,true,false,true,./portraits/P093/main.webp,./portraits/P093/thumb.webp,2026-09-07,"Identity verified through exact enwiki page and Wikidata Q7186 P18; source 335x491; crop=(0, 0, 335, 419); face_detected=True; main=27190 bytes; thumb=6318 bytes; deterministic crop/resize/WebP/contrast +2%. Review note: Wikidata P18 candidate reviewed against contact sheet."
P094,爱因斯坦,Albert Einstein,https://commons.wikimedia.org/wiki/File:Albert_Einstein_Head_cleaned.jpg,https://upload.wikimedia.org/wikipedia/commons/2/28/Albert_Einstein_Head_cleaned.jpg?utm_source=commons.wikimedia.org&utm_campaign=imageinfo&utm_content=original,Oren Jack Turner,Public Domain,,true,true,false,true,./portraits/P094/main.webp,./portraits/P094/thumb.webp,2026-09-07,"Identity verified through exact enwiki page and Wikidata Q937 P18; source 4530x5607; crop=(19, 0, 1920, 2376); face_detected=True; main=86908 bytes; thumb=12690 bytes; deterministic crop/resize/WebP/contrast +2%. Review note: Wikidata P18 candidate reviewed against contact sheet."
P095,尼古拉·特斯拉,Nikola Tesla,https://commons.wikimedia.org/wiki/File:Tesla_circa_1890.jpeg,https://upload.wikimedia.org/wikipedia/commons/7/79/Tesla_circa_1890.jpeg?utm_source=commons.wikimedia.org&utm_campaign=imageinfo&utm_content=original,Napoleon Sarony,Public Domain,,true,true,false,true,./portraits/P095/main.webp,./portraits/P095/thumb.webp,2026-09-07,"Identity verified through exact enwiki page and Wikidata Q9036 P18; source 940x1260; crop=(0, 0, 940, 1175); face_detected=True; main=92646 bytes; thumb=7206 bytes; deterministic crop/resize/WebP/contrast +2%. Review note: Wikidata P18 candidate reviewed against contact sheet."
P096,托马斯·爱迪生,Thomas Edison,https://commons.wikimedia.org/wiki/File:Thomas_Edison2.jpg,https://upload.wikimedia.org/wikipedia/commons/9/9d/Thomas_Edison2.jpg?utm_source=commons.wikimedia.org&utm_campaign=imageinfo&utm_content=original,"Louis Bachrach, Bachrach Studios, restored by Michel Vuijlsteke",Public Domain,,true,true,false,true,./portraits/P096/main.webp,./portraits/P096/thumb.webp,2026-09-07,"Identity verified through exact enwiki page and Wikidata Q8743 P18; source 2888x3696; crop=(0, 0, 1920, 2400); face_detected=True; main=25140 bytes; thumb=6386 bytes; deterministic crop/resize/WebP/contrast +2%. Review note: Wikidata P18 candidate reviewed against contact sheet."
P097,迈克尔·法拉第,Michael Faraday,https://commons.wikimedia.org/wiki/File:M_Faraday_Th_Phillips_oil_1842.jpg,https://upload.wikimedia.org/wikipedia/commons/8/88/M_Faraday_Th_Phillips_oil_1842.jpg?utm_source=commons.wikimedia.org&utm_campaign=imageinfo&utm_content=original,Thomas Phillips,Public Domain,,true,true,false,true,./portraits/P097/main.webp,./portraits/P097/thumb.webp,2026-09-07,"Identity verified through exact enwiki page and Wikidata Q8750 P18; source 1110x1437; crop=(0, 24, 1110, 1412); face_detected=True; main=49184 bytes; thumb=4596 bytes; deterministic crop/resize/WebP/contrast +2%. Review note: Wikidata P18 candidate reviewed against contact sheet."
P098,詹姆斯·麦克斯韦,James Clerk Maxwell,https://commons.wikimedia.org/wiki/File:James-Clerk-Maxwell-1831-1879.jpg,https://upload.wikimedia.org/wikipedia/commons/b/b0/James-Clerk-Maxwell-1831-1879.jpg?utm_source=commons.wikimedia.org&utm_campaign=imageinfo&utm_content=original,Unknown authorUnknown author,Public Domain,,true,true,false,true,./portraits/P098/main.webp,./portraits/P098/thumb.webp,2026-09-07,"Identity verified through exact enwiki page and Wikidata Q9095 P18; source 819x1024; crop=(0, 0, 819, 1024); face_detected=True; main=31088 bytes; thumb=7060 bytes; deterministic crop/resize/WebP/contrast +2%. Review note: Wikidata P18 candidate reviewed against contact sheet."
P099,艾达·洛芙莱斯,Ada Lovelace,https://commons.wikimedia.org/wiki/File:Ada_Lovelace.jpg,https://upload.wikimedia.org/wikipedia/commons/8/87/Ada_Lovelace.jpg?utm_source=commons.wikimedia.org&utm_campaign=imageinfo&utm_content=original,Margaret Sarah Carpenter,Public Domain,,true,true,false,true,./portraits/P099/main.webp,./portraits/P099/thumb.webp,2026-09-07,"Identity verified through exact enwiki page and Wikidata Q7259 P18; source 3604x5718; crop=(0, 301, 1920, 2701); face_detected=True; main=46096 bytes; thumb=7914 bytes; deterministic crop/resize/WebP/contrast +2%. Review note: Wikidata P18 candidate reviewed against contact sheet."
P100,弗洛伦斯·南丁格尔,Florence Nightingale,https://commons.wikimedia.org/wiki/File:Florence_Nightingale_(H_Hering_NPG_x82368).jpg,https://upload.wikimedia.org/wikipedia/commons/a/ab/Florence_Nightingale_%28H_Hering_NPG_x82368%29.jpg?utm_source=commons.wikimedia.org&utm_campaign=imageinfo&utm_content=original,Henry Hering (1814-1893),Public Domain,,true,true,false,true,./portraits/P100/main.webp,./portraits/P100/thumb.webp,2026-09-07,"Identity verified through exact enwiki page and Wikidata Q37103 P18; source 1105x1536; crop=(0, 7, 1105, 1388); face_detected=True; main=85536 bytes; thumb=13686 bytes; deterministic crop/resize/WebP/contrast +2%. Review note: Wikidata P18 candidate reviewed against contact sheet."
P101,巴赫,Johann Sebastian Bach,https://commons.wikimedia.org/wiki/File:Johann_Sebastian_Bach.png,https://upload.wikimedia.org/wikipedia/commons/5/5e/Johann_Sebastian_Bach.png?utm_source=commons.wikimedia.org&utm_campaign=imageinfo&utm_content=original,Elias Gottlob Haussmann,Public Domain,,true,true,false,true,./portraits/P101/main.webp,./portraits/P101/thumb.webp,2026-09-07,"Identity verified through exact enwiki page and Wikidata Q1339 P18; source 1376x1786; crop=(0, 0, 1376, 1720); face_detected=True; main=51392 bytes; thumb=5954 bytes; deterministic crop/resize/WebP/contrast +2%. Review note: Wikidata P18 candidate reviewed against contact sheet."
P102,莫扎特,Wolfgang Amadeus Mozart,https://commons.wikimedia.org/wiki/File:Wolfgang-amadeus-mozart_1.jpg,https://upload.wikimedia.org/wikipedia/commons/1/1e/Wolfgang-amadeus-mozart_1.jpg?utm_source=commons.wikimedia.org&utm_campaign=imageinfo&utm_content=original,Barbara Krafft,Public Domain,,true,true,false,true,./portraits/P102/main.webp,./portraits/P102/thumb.webp,2026-09-07,"Identity verified through exact enwiki page and Wikidata Q254 P18; source 2996x3840; crop=(0, 0, 1920, 2400); face_detected=True; main=34958 bytes; thumb=5136 bytes; deterministic crop/resize/WebP/contrast +2%. Review note: Wikidata P18 candidate reviewed against contact sheet."
P103,贝多芬,Ludwig van Beethoven,https://commons.wikimedia.org/wiki/File:Beethoven.jpg,https://upload.wikimedia.org/wikipedia/commons/6/6f/Beethoven.jpg?utm_source=commons.wikimedia.org&utm_campaign=imageinfo&utm_content=original,Joseph Karl Stieler,Public Domain,,true,true,false,true,./portraits/P103/main.webp,./portraits/P103/thumb.webp,2026-09-07,"Identity verified through exact enwiki page and Wikidata Q255 P18; source 1200x1443; crop=(30, 0, 1184, 1443); face_detected=True; main=116664 bytes; thumb=9940 bytes; deterministic crop/resize/WebP/contrast +2%. Review note: Wikidata P18 candidate reviewed against contact sheet."
P104,梵高,Vincent van Gogh,https://commons.wikimedia.org/wiki/File:Self-portrait_-_Vincent_van_Gogh.jpg,https://upload.wikimedia.org/wikipedia/commons/d/d1/Self-portrait_-_Vincent_van_Gogh.jpg?utm_source=commons.wikimedia.org&utm_campaign=imageinfo&utm_content=original,Vincent van Gogh,CC BY-SA 4.0,https://creativecommons.org/licenses/by-sa/4.0,false,true,true,true,./portraits/P104/main.webp,./portraits/P104/thumb.webp,2026-09-07,"Identity verified through exact enwiki page and Wikidata Q5582 P18; source 4248x5808; crop=(0, 40, 1920, 2440); face_detected=False; main=183706 bytes; thumb=16804 bytes; deterministic crop/resize/WebP/contrast +2%. Review note: Wikidata P18 candidate reviewed against contact sheet."
P105,毕加索,Pablo Picasso,https://commons.wikimedia.org/wiki/File:Pablo_picasso_1.jpg,https://upload.wikimedia.org/wikipedia/commons/9/98/Pablo_picasso_1.jpg?utm_source=commons.wikimedia.org&utm_campaign=imageinfo&utm_content=original,Argentina. Revista Vea y Lea,Public Domain,,true,true,false,true,./portraits/P105/main.webp,./portraits/P105/thumb.webp,2026-09-07,"Identity verified through exact enwiki page and Wikidata Q5593 P18; source 1079x1261; crop=(0, 0, 1009, 1261); face_detected=True; main=54082 bytes; thumb=12222 bytes; deterministic crop/resize/WebP/contrast +2%. Review note: Wikidata P18 candidate reviewed against contact sheet."
P106,托尔斯泰,Leo Tolstoy,https://commons.wikimedia.org/wiki/File:L.N.Tolstoy_Prokudin-Gorsky.jpg,https://upload.wikimedia.org/wikipedia/commons/c/c6/L.N.Tolstoy_Prokudin-Gorsky.jpg?utm_source=commons.wikimedia.org&utm_campaign=imageinfo&utm_content=original,Sergei Prokudin-Gorskii,Public Domain,,true,true,false,true,./portraits/P106/main.webp,./portraits/P106/thumb.webp,2026-09-07,"Identity verified through exact enwiki page and Wikidata Q7243 P18; source 2167x3000; crop=(0, 258, 1920, 2658); face_detected=True; main=96038 bytes; thumb=11750 bytes; deterministic crop/resize/WebP/contrast +2%. Review note: Wikidata P18 candidate reviewed against contact sheet."
P107,陀思妥耶夫斯基,Fyodor Dostoyevsky,https://commons.wikimedia.org/wiki/File:Vasily_Perov_-_%D0%9F%D0%BE%D1%80%D1%82%D1%80%D0%B5%D1%82_%D0%A4.%D0%9C.%D0%94%D0%BE%D1%81%D1%82%D0%BE%D0%B5%D0%B2%D1%81%D0%BA%D0%BE%D0%B3%D0%BE_-_Google_Art_Project.jpg,https://upload.wikimedia.org/wikipedia/commons/7/78/Vasily_Perov_-_%D0%9F%D0%BE%D1%80%D1%82%D1%80%D0%B5%D1%82_%D0%A4.%D0%9C.%D0%94%D0%BE%D1%81%D1%82%D0%BE%D0%B5%D0%B2%D1%81%D0%BA%D0%BE%D0%B3%D0%BE_-_Google_Art_Project.jpg?utm_source=commons.wikimedia.org&utm_campaign=imageinfo&utm_content=original,Vasily Perov,Public Domain,,true,true,false,true,./portraits/P107/main.webp,./portraits/P107/thumb.webp,2026-09-07,"Identity verified through exact enwiki page and Wikidata Q991 P18; source 3200x4000; crop=(0, 0, 1920, 2400); face_detected=True; main=38356 bytes; thumb=5222 bytes; deterministic crop/resize/WebP/contrast +2%. Review note: Wikidata P18 candidate reviewed against contact sheet."
P108,维克多·雨果,Victor Hugo,https://commons.wikimedia.org/wiki/File:Victor_Hugo_by_%C3%89tienne_Carjat_1876_-_full.jpg,https://upload.wikimedia.org/wikipedia/commons/e/e6/Victor_Hugo_by_%C3%89tienne_Carjat_1876_-_full.jpg?utm_source=commons.wikimedia.org&utm_campaign=imageinfo&utm_content=original,Étienne Carjat,Public Domain,,true,true,false,true,./portraits/P108/main.webp,./portraits/P108/thumb.webp,2026-09-07,"Identity verified through exact enwiki page and Wikidata Q535 P18; source 2140x2632; crop=(6, 0, 1895, 2361); face_detected=True; main=40398 bytes; thumb=7330 bytes; deterministic crop/resize/WebP/contrast +2%. Review note: Wikidata P18 candidate reviewed against contact sheet."
P109,尼采,Friedrich Nietzsche,https://commons.wikimedia.org/wiki/File:Nietzsche187a.jpg,https://upload.wikimedia.org/wikipedia/commons/1/1b/Nietzsche187a.jpg?utm_source=commons.wikimedia.org&utm_campaign=imageinfo&utm_content=original,Friedrich Hermann Hartmann,Public Domain,,true,true,false,true,./portraits/P109/main.webp,./portraits/P109/thumb.webp,2026-09-07,"Identity verified through exact enwiki page and Wikidata Q9358 P18; source 1464x1986; crop=(0, 0, 1464, 1830); face_detected=True; main=78726 bytes; thumb=7372 bytes; deterministic crop/resize/WebP/contrast +2%. Review note: Wikidata P18 candidate reviewed against contact sheet."
P110,康德,Immanuel Kant,https://commons.wikimedia.org/wiki/File:Immanuel_Kant_-_Gemaelde_2.jpg,https://upload.wikimedia.org/wikipedia/commons/2/22/Immanuel_Kant_-_Gemaelde_2.jpg?utm_source=commons.wikimedia.org&utm_campaign=imageinfo&utm_content=original,Becker,Public Domain,,true,true,false,true,./portraits/P110/main.webp,./portraits/P110/thumb.webp,2026-09-07,"Identity verified through exact enwiki page and Wikidata Q9312 P18; source 940x1640; crop=(0, 0, 940, 1175); face_detected=True; main=169078 bytes; thumb=11854 bytes; deterministic crop/resize/WebP/contrast +2%. Review note: Wikidata P18 candidate reviewed against contact sheet."
P111,亚当·斯密,Adam Smith,https://commons.wikimedia.org/wiki/File:AdamSmith.jpg,https://upload.wikimedia.org/wikipedia/commons/0/0a/AdamSmith.jpg?utm_source=commons.wikimedia.org&utm_campaign=imageinfo&utm_content=original,"Etching created by Cadell and Davies (1811), John Horsburgh (1828) or R.C. Bell (1872).",Public Domain,,true,true,false,true,./portraits/P111/main.webp,./portraits/P111/thumb.webp,2026-09-07,"Identity verified through exact enwiki page and Wikidata Q9381 P18; source 1456x2173; crop=(0, 64, 1456, 1884); face_detected=False; main=129814 bytes; thumb=16828 bytes; deterministic crop/resize/WebP/contrast +2%. Review note: Wikidata P18 candidate reviewed against contact sheet."
P112,凯恩斯,John Maynard Keynes,https://commons.wikimedia.org/wiki/File:Keynes_1933.jpg,https://upload.wikimedia.org/wikipedia/commons/0/04/Keynes_1933.jpg?utm_source=commons.wikimedia.org&utm_campaign=imageinfo&utm_content=original,Unknown authorUnknown author,Public Domain,,true,true,false,true,./portraits/P112/main.webp,./portraits/P112/thumb.webp,2026-09-07,"Identity verified through exact enwiki page and Wikidata Q9317 P18; source 289x300; crop=(34, 0, 274, 300); face_detected=True; main=64862 bytes; thumb=16796 bytes; deterministic crop/resize/WebP/contrast +2%. Review note: Wikidata P18 candidate reviewed against contact sheet."
P113,弗洛伊德,Sigmund Freud,"https://commons.wikimedia.org/wiki/File:Sigmund_Freud,_by_Max_Halberstadt_(cropped).jpg",https://upload.wikimedia.org/wikipedia/commons/3/36/Sigmund_Freud%2C_by_Max_Halberstadt_%28cropped%29.jpg?utm_source=commons.wikimedia.org&utm_campaign=imageinfo&utm_content=original,Max Halberstadt,Public Domain,,true,true,false,true,./portraits/P113/main.webp,./portraits/P113/thumb.webp,2026-09-07,"Identity verified through exact enwiki page and Wikidata Q9215 P18; source 1647x2240; crop=(0, 0, 1647, 2059); face_detected=True; main=42916 bytes; thumb=5872 bytes; deterministic crop/resize/WebP/contrast +2%. Review note: Wikidata P18 candidate reviewed against contact sheet."
P114,荣格,Carl Jung,https://commons.wikimedia.org/wiki/File:CGJung.jpg,https://upload.wikimedia.org/wikipedia/commons/0/00/CGJung.jpg?utm_source=commons.wikimedia.org&utm_campaign=imageinfo&utm_content=original,"unknown, upload by Adrian Michael",Public Domain,,true,true,false,true,./portraits/P114/main.webp,./portraits/P114/thumb.webp,2026-09-07,"Identity verified through exact enwiki page and Wikidata Q41532 P18; source 2604x3909; crop=(0, 0, 1920, 2400); face_detected=True; main=76216 bytes; thumb=7424 bytes; deterministic crop/resize/WebP/contrast +2%. Review note: Public-domain museum-sourced photograph from Ortsmuseum Zollikon."
P115,路易·巴斯德,Louis Pasteur,"https://commons.wikimedia.org/wiki/File:Louis_Pasteur_(1822_-_1895),_microbiologist_and_chemist_Wellcome_V0026980.jpg",https://upload.wikimedia.org/wikipedia/commons/e/e3/Louis_Pasteur_%281822_-_1895%29%2C_microbiologist_and_chemist_Wellcome_V0026980.jpg?utm_source=commons.wikimedia.org&utm_campaign=imageinfo&utm_content=original,Paul Nadar,Public Domain,,true,true,false,true,./portraits/P115/main.webp,./portraits/P115/thumb.webp,2026-09-07,"Identity verified through exact enwiki page and Wikidata Q529 P18; source 2230x3143; crop=(0, 21, 1920, 2421); face_detected=True; main=99886 bytes; thumb=5988 bytes; deterministic crop/resize/WebP/contrast +2%. Review note: Wikidata P18 candidate reviewed against contact sheet."
P116,亚历山大·弗莱明,Alexander Fleming,https://commons.wikimedia.org/wiki/File:Synthetic_Production_of_Penicillin_TR1468.jpg,https://upload.wikimedia.org/wikipedia/commons/b/bf/Synthetic_Production_of_Penicillin_TR1468.jpg?utm_source=commons.wikimedia.org&utm_campaign=imageinfo&utm_content=original,Official photographer,Public Domain,,true,true,false,true,./portraits/P116/main.webp,./portraits/P116/thumb.webp,2026-09-07,"Identity verified through exact enwiki page and Wikidata Q37064 P18; source 3493x4961; crop=(0, 144, 1920, 2544); face_detected=True; main=41028 bytes; thumb=8910 bytes; deterministic crop/resize/WebP/contrast +2%. Review note: Wikidata P18 candidate reviewed against contact sheet."
P117,艾伦·图灵,Alan Turing,https://commons.wikimedia.org/wiki/File:Alan_Turing_(1951)_(crop).jpg,https://upload.wikimedia.org/wikipedia/commons/6/66/Alan_Turing_%281951%29_%28crop%29.jpg?utm_source=commons.wikimedia.org&utm_campaign=imageinfo&utm_content=original,Elliott & Fry,Public Domain,,true,true,false,true,./portraits/P117/main.webp,./portraits/P117/thumb.webp,2026-09-07,"Identity verified through exact enwiki page and Wikidata Q7251 P18; source 712x949; crop=(0, 0, 712, 890); face_detected=True; main=29558 bytes; thumb=7420 bytes; deterministic crop/resize/WebP/contrast +2%. Review note: Wikidata P18 candidate reviewed against contact sheet."
P118,冯·诺依曼,John von Neumann,https://commons.wikimedia.org/wiki/File:JohnvonNeumann-LosAlamos.jpg,https://upload.wikimedia.org/wikipedia/commons/d/d6/JohnvonNeumann-LosAlamos.jpg?utm_source=commons.wikimedia.org&utm_campaign=imageinfo&utm_content=original,Los Alamos National Laboratory,Attribution,https://www.lanl.gov/lanl-resources/web-policies,false,true,true,true,./portraits/P118/main.webp,./portraits/P118/thumb.webp,2026-09-07,"Identity verified through exact enwiki page and Wikidata Q17455 P18; source 982x1274; crop=(0, 0, 982, 1228); face_detected=True; main=46110 bytes; thumb=9476 bytes; deterministic crop/resize/WebP/contrast +2%. Review note: Commons identifies Los Alamos National Laboratory as the image source and required credit; commercial and derivative use are expressly permitted with attribution. License policy verified at the official LANL Web Policies page."
P119,格蕾丝·霍珀,Grace Hopper,"https://commons.wikimedia.org/wiki/File:Commodore_Grace_M._Hopper,_USN_(covered).jpg",https://upload.wikimedia.org/wikipedia/commons/a/ad/Commodore_Grace_M._Hopper%2C_USN_%28covered%29.jpg?utm_source=commons.wikimedia.org&utm_campaign=imageinfo&utm_content=original,James S. Davis,Public Domain,,true,true,false,true,./portraits/P119/main.webp,./portraits/P119/thumb.webp,2026-09-07,"Identity verified through exact enwiki page and Wikidata Q11641 P18; source 2400x3000; crop=(0, 0, 1920, 2400); face_detected=True; main=40992 bytes; thumb=10642 bytes; deterministic crop/resize/WebP/contrast +2%. Review note: Wikidata P18 candidate reviewed against contact sheet."
P120,沃尔特·迪士尼,Walt Disney,https://commons.wikimedia.org/wiki/File:Walt_Disney_1946.JPG,https://upload.wikimedia.org/wikipedia/commons/d/df/Walt_Disney_1946.JPG?utm_source=commons.wikimedia.org&utm_campaign=imageinfo&utm_content=original,Boy Scouts of America,Public Domain,,true,true,false,true,./portraits/P120/main.webp,./portraits/P120/thumb.webp,2026-09-07,"Identity verified through exact enwiki page and Wikidata Q8704 P18; source 450x675; crop=(0, 0, 450, 562); face_detected=True; main=47868 bytes; thumb=11162 bytes; deterministic crop/resize/WebP/contrast +2%. Review note: Wikidata P18 candidate reviewed against contact sheet."
